{
  "project_info": {
    "project_number": "800048654000",
    "firebase_url": "https://plproject-7c4c4.firebaseio.com",
    "project_id": "plproject-7c4c4",
    "storage_bucket": "plproject-7c4c4.appspot.com"
  },
  "client": [
    {
      "client_info": {
        "mobilesdk_app_id": "1:800048654000:android:3ca7166163260f5bc0bd75",
        "android_client_info": {
          "package_name": "com.example.plproject"
        }
      },
      "oauth_client": [
        {
          "client_id": "800048654000-ofvu00tbn5uu8ol73ldbgnmbdl894b78.apps.googleusercontent.com",
          "client_type": 1,
          "android_info": {
            "package_name": "com.example.plproject",
            "certificate_hash": "0985961cf47dfe138d39f779cf7ab03912a5a575"
          }
        },
        {
          "client_id": "800048654000-lgpnoa4763vj6lden71opb6jc1umeuk8.apps.googleusercontent.com",
          "client_type": 3
        }
      ],
      "api_key": [
        {
          "current_key": "AIzaSyDfmykL-zMef5noYTw8XELFJuSOEXD1kkM"
        }
      ],
      "services": {
        "appinvite_service": {
          "other_platform_oauth_client": [
            {
              "client_id": "800048654000-lgpnoa4763vj6lden71opb6jc1umeuk8.apps.googleusercontent.com",
              "client_type": 3
            }
          ]
        }
      }
    }
  ],
  "configuration_version": "1"
}